Id,RecordType.Name,Industry,Industry_Sub_Type__c,Business_Type__c,Country__c,Is_External__c,ParentId,UoM_Organisation_Level__c
0012e000002YeO0AAK,University Department,Education,,,,Internal,,0
0012e000002YmBqAAK,University Department,,,,,Internal,0012e000002ZmnxAAC,5
0012e000002YmVtAAK,University Department,,,,,Internal,0012e000002ZmnxAAC,5
0012e000002YlvyAAC,University Department,,,,,Internal,0012e000002ZNYOAA4,5
0012e000002YmMXAA0,University Department,,,,,Internal,0012e000002ZmnxAAC,5
0012e000002YlXfAAK,University Department,,,,,Internal,0012e000002Zt0cAAC,6
0012e000002YmNRAA0,University Department,,,,,Internal,0012e000002ZNYOAA4,5
0012e000002Ym9QAAS,University Department,,,,,Internal,0012e000002ZmnxAAC,5
0012e000002YlhnAAC,University Department,,,,,Internal,0012e000002ZLgJAAW,5
0012e000002YnfFAAS,University Department,,,,,Internal,0012e000002Zt0bAAC,6
0012e000002YoWTAA0,University Department,,,,,Internal,0012e000002Zt0cAAC,6
0012e000002YoY7AAK,University Department,,,,,Internal,0012e000002ZmnxAAC,5
0012e000002YoYUAA0,University Department,,,,,Internal,0012e000002ZLgJAAW,5
0012e000002YnERAA0,University Department,,,,,Internal,0012e000002ZmnzAAC,5
0012e000002YneJAAS,University Department,,,,,Internal,0012e000002ZLgJAAW,5
0012e000002YnrYAAS,University Department,,,,,Internal,0012e000002Zt1RAAS,5
0012e000002YnsbAAC,University Department,,,,,Internal,0012e000002ZNYOAA4,5
0012e000002YnjNAAS,University Department,,,,,Internal,0012e000002ZLgJAAW,5
0012e000002Z35nAAC,University Department,,,,,Internal,0012e000002Zt0mAAC,6
0012e000002Z3OuAAK,University Department,,,,,Internal,0012e000002ZNYOAA4,5
0012e000002Z3p1AAC,University Department,,,,,Internal,0012e000002ZmnzAAC,5
0012e000002Z3pPAAS,University Department,,,,,Internal,0012e000002ZLg7AAG,5
0012e000002Z4oNAAS,University Department,,,,,Internal,0012e000002ZNYOAA4,5
0012e000002Z4IxAAK,University Department,,,,,Internal,0012e000002ZNYOAA4,5
0012e000002Z4JyAAK,University Department,,,,,Internal,0012e000002ZmnxAAC,5
0012e000002Z6AWAA0,University Department,,,,,Internal,0012e000002ZGfbAAG,5
0012e000002Z4wCAAS,University Department,,,,,Internal,0012e000002Zt0mAAC,6
0012e000002Z51dAAC,University Department,,,,,Internal,0012e000002ZLgJAAW,5
0012e000002Z51eAAC,University Department,,,,,Internal,0012e000002ZmOZAA0,5
0012e000002Z51wAAC,University Department,,,,,Internal,0012e000002Zt0mAAC,6
0012e000002Z67WAAS,University Department,,,,,Internal,0012e000002ZGfbAAG,5
0012e000002Z52yAAC,University Department,,,,,Internal,0012e000002ZLgLAAW,5
0012e000002Z4xdAAC,University Department,,,,,Internal,0012e000002Zt0bAAC,6
0012e000002Z4ziAAC,University Department,,,,,Internal,0012e000002Zt0cAAC,6
0012e000002ZFZYAA4,University Department,,,,,Internal,0012e0000036xTHAAY,4
0012e000002ZGfbAAG,University Department,,,,,Internal,0012e000002Zt12AAC,4
0012e000002ZLg7AAG,University Department,,,,,Internal,0012e0000036xPUAAY,4
0012e000002ZLg8AAG,University Department,,,,,Internal,0012e0000036xQAAAY,5
0012e000002ZLg9AAG,University Department,,,,,Internal,0012e000002ZLgJAAW,5
0012e000002ZLgAAAW,University Department,,,,,Internal,0012e0000036xQDAAY,5
0012e000002ZLgBAAW,University Department,,,,,Internal,0012e000002ZmOZAA0,5
0012e000002ZLgEAAW,University Department,,,,,Internal,0012e0000036xQVAAY,4
0012e000002ZLgHAAW,University Department,,,,,Internal,0012e0000036xQmAAI,4
0012e000002ZLgIAAW,University Department,,,,,Internal,0012e0000036xQUAAY,4
0012e000002ZLgJAAW,University Department,,,,,Internal,0012e0000036xQdAAI,4
0012e000002ZLgKAAW,University Department,,,,,Internal,,
0012e000002ZLgLAAW,University Department,,,,,Internal,0012e0000036xQRAAY,4
0012e000002ZLgMAAW,University Department,,,,,Internal,0012e0000036xQNAAY,4
0012e000002ZLgNAAW,University Department,,,,,Internal,0012e000002ZLgMAAW,5
0012e000002ZLgOAAW,University Department,,,,,Internal,0012e000003hllpAAA,5
0012e000002ZNYOAA4,University Department,,,,,Internal,0012e0000036xQXAAY,4
0012e000002ZmnxAAC,University Department,,,,,Internal,0012e0000036xQSAAY,4
0012e000002ZmnyAAC,University Department,,,,,Internal,0012e000002Zt1FAAS,6
0012e000002ZmnzAAC,University Department,,,,,Internal,0012e0000036xQRAAY,4
0012e000002Zmo0AAC,University Department,Education,,,,Internal,0012e0000036xQOAAY,4
0012e000002Zmo1AAC,University Department,Education,,,,Internal,0012e000002ZmOUAA0,5
0012e000002Zmo4AAC,University Department,Education,,,,Internal,0012e0000036xQBAAY,5
0012e000002ZmOUAA0,University Department,Education,,,,Internal,0012e0000036xQWAAY,4
0012e000002ZmOZAA0,University Department,Education,,,,Internal,0012e0000036xQVAAY,4
0012e000002ZlmBAAS,University Department,,,,,Internal,0012e000002ZLgJAAW,5
0012e000002Zt08AAC,University Department,,,,,Internal,0012e0000036xQYAAY,2
0012e000002Zt09AAC,University Department,,,,,Internal,0012e000002Zt08AAC,3
0012e000002Zt0AAAS,University Department,,,,,Internal,0012e0000036xQBAAY,5
0012e000002Zt0BAAS,University Department,,,,,Internal,0012e0000036xQDAAY,5
0012e000002Zt0CAAS,University Department,,,,,Internal,0012e0000036xQEAAY,6
0012e000002Zt0DAAS,University Department,,,,,Internal,0012e0000036xQBAAY,5
0012e000002Zt0EAAS,University Department,,,,,Internal,0012e0000036xQDAAY,5
0012e000002Zt0FAAS,University Department,,,,,Internal,0012e000002Zt0BAAS,6
0012e000002Zt0GAAS,University Department,,,,,Internal,0012e0000036xQDAAY,5
0012e000002Zt0HAAS,University Department,,,,,Internal,0012e0000036xQEAAY,6
0012e000002Zt0IAAS,University Department,,,,,Internal,0012e000002Zt1uAAC,4
0012e000002Zt0JAAS,University Department,,,,,Internal,0012e0000036xQDAAY,5
0012e000002Zt0KAAS,University Department,,,,,Internal,0012e0000036xQEAAY,6
0012e000002Zt0LAAS,University Department,,,,,Internal,0012e0000036xQBAAY,5
0012e000002Zt0MAAS,University Department,,,,,Internal,0012e000002Zt1yAAC,4
0012e000002Zt0NAAS,University Department,,,,,Internal,0012e000002Zt08AAC,3
0012e000002Zt0OAAS,University Department,,,,,Internal,0012e000002ZNYOAA4,5
0012e000002Zt0PAAS,University Department,,,,,Internal,0012e000002Z3OuAAK,6
0012e000002Zt0QAAS,University Department,,,,,Internal,0012e000002ZNYOAA4,5
0012e000002Zt0RAAS,University Department,,,,,Internal,0012e000002ZNYOAA4,5
0012e000002Zt0SAAS,University Department,,,,,Internal,0012e000002ZNYOAA4,5
0012e000002Zt0TAAS,University Department,,,,,Internal,0012e000002ZLgHAAW,5
0012e000002Zt0UAAS,University Department,,,,,Internal,0012e000002Z3p1AAC,6
0012e000002Zt0VAAS,University Department,,,,,Internal,0012e000002Z3p1AAC,6
0012e000002Zt0WAAS,University Department,,,,,Internal,0012e000002Zt0UAAS,7
0012e000002Zt0XAAS,University Department,,,,,Internal,0012e000002ZLgJAAW,5
0012e000002Zt0YAAS,University Department,,,,,Internal,0012e000002ZLgJAAW,5
0012e000002Zt0ZAAS,University Department,,,,,Internal,0012e000002ZLgJAAW,5
0012e000002Zt0aAAC,University Department,,,,,Internal,0012e000002ZLgHAAW,5
0012e000002Zt0bAAC,University Department,,,,,Internal,0012e000002ZLg7AAG,5
0012e000002Zt0cAAC,University Department,,,,,Internal,0012e000002ZLg7AAG,5
0012e000002Zt0dAAC,University Department,,,,,Internal,0012e000002ZLg7AAG,5
0012e000002Zt0eAAC,University Department,,,,,Internal,0012e000002ZLg7AAG,5
0012e000002Zt0fAAC,University Department,,,,,Internal,0012e000002ZLg7AAG,5
0012e000002Zt0gAAC,University Department,,,,,Internal,0012e000002Zmo0AAC,5
0012e000002Zt0hAAC,University Department,,,,,Internal,0012e000002ZGfbAAG,5
0012e000002Zt0iAAC,University Department,,,,,Internal,0012e000002Zt0mAAC,6
0012e000002Zt0jAAC,University Department,,,,,Internal,0012e000002ZGfbAAG,5
0012e000002Zt0kAAC,University Department,,,,,Internal,0012e000002Zt0qAAC,7
0012e000002Zt0lAAC,University Department,,,,,Internal,0012e000002Z6AWAA0,6
0012e000002Zt0mAAC,University Department,,,,,Internal,0012e000002ZGfbAAG,5
0012e000002Zt0nAAC,University Department,,,,,Internal,0012e000002ZGfbAAG,5
0012e000002Zt0oAAC,University Department,,,,,Internal,0012e000002Zt1FAAS,6
0012e000002Zt0pAAC,University Department,,,,,Internal,0012e000002Zt1FAAS,6
0012e000002Zt0qAAC,University Department,,,,,Internal,0012e000002Zt10AAC,6
0012e000002Zt0rAAC,University Department,,,,,Internal,0012e000002ZGfbAAG,5
0012e000002Zt0sAAC,University Department,,,,,Internal,0012e000002Zt17AAC,7
0012e000002Zt0tAAC,University Department,,,,,Internal,0012e000002Zt10AAC,6
0012e000002Zt0uAAC,University Department,,,,,Internal,0012e000002Zt1BAAS,7
0012e000002Zt0vAAC,University Department,,,,,Internal,0012e000002Zt1BAAS,7
0012e000002Zt0wAAC,University Department,,,,,Internal,0012e000002Zt17AAC,7
0012e000002Zt0xAAC,University Department,,,,,Internal,0012e000002Zt17AAC,7
0012e000002Zt0yAAC,University Department,,,,,Internal,0012e000002Zt10AAC,6
0012e000002Zt0zAAC,University Department,,,,,Internal,0012e000002Zt0yAAC,7
0012e000002Zt10AAC,University Department,,,,,Internal,0012e000002ZGfbAAG,5
0012e000002Zt11AAC,University Department,,,,,Internal,0012e000002Zt10AAC,6
0012e000002Zt12AAC,University Department,,,,,Internal,0012e000002Zt08AAC,3
0012e000002Zt13AAC,University Department,,,,,Internal,0012e000002Zt10AAC,6
0012e000002Zt14AAC,University Department,,,,,Internal,0012e000002Zt10AAC,6
0012e000002Zt15AAC,University Department,,,,,Internal,0012e000002Zt1BAAS,7
0012e000002Zt16AAC,University Department,,,,,Internal,0012e000002Zt17AAC,7
0012e000002Zt17AAC,University Department,,,,,Internal,0012e000002Zt0mAAC,6
0012e000002Zt18AAC,University Department,,,,,Internal,0012e000002Zt1BAAS,7
0012e000002Zt19AAC,University Department,,,,,Internal,0012e000002Zt1BAAS,7
0012e000002Zt1AAAS,University Department,,,,,Internal,0012e000002Zt17AAC,7
0012e000002Zt1BAAS,University Department,,,,,Internal,0012e000002Zt0mAAC,6
0012e000002Zt1CAAS,University Department,,,,,Internal,0012e000002Zt1BAAS,7
0012e000002Zt1DAAS,University Department,,,,,Internal,0012e000002Zt17AAC,7
0012e000002Zt1EAAS,University Department,,,,,Internal,0012e000002Zt0mAAC,6
0012e000002Zt1FAAS,University Department,,,,,Internal,0012e000002ZGfbAAG,5
0012e000002Zt1GAAS,University Department,,,,,Internal,0012e000002Zt17AAC,7
0012e000002Zt1HAAS,University Department,,,,,Internal,0012e000002Zt1FAAS,6
0012e000002Zt1IAAS,University Department,,,,,Internal,0012e000002Zt0mAAC,6
0012e000002Zt1JAAS,University Department,,,,,Internal,0012e000002Zt0mAAC,6
0012e000002Zt1KAAS,University Department,,,,,Internal,0012e000002Zt0mAAC,6
0012e000002Zt1LAAS,University Department,,,,,Internal,0012e000002Zt0mAAC,6
0012e000002Zt1MAAS,University Department,,,,,Internal,0012e000002ZGfbAAG,5
0012e000002Zt1NAAS,University Department,,,,,Internal,0012e000002ZmnxAAC,5
0012e000002Zt1OAAS,University Department,,,,,Internal,0012e000002ZmnxAAC,5
0012e000002Zt1PAAS,University Department,,,,,Internal,0012e000002ZmnxAAC,5
0012e000002Zt1QAAS,University Department,,,,,Internal,0012e000002Zt1FAAS,6
0012e000002Zt1RAAS,University Department,,,,,Internal,0012e0000036xQbAAI,4
0012e000002Zt1SAAS,University Department,,,,,Internal,0012e000002ZLgBAAW,6
0012e000002Zt1TAAS,University Department,,,,,Internal,0012e000002ZLgBAAW,6
0012e000002Zt1UAAS,University Department,,,,,Internal,0012e000002ZLgBAAW,6
0012e000002Zt1VAAS,University Department,,,,,Internal,0012e000002ZmnxAAC,5
0012e000002Zt1WAAS,University Department,,,,,Internal,0012e0000036xTHAAY,4
0012e000002Zt1XAAS,University Department,,,,,Internal,0012e0000036xTHAAY,4
0012e000002Zt1YAAS,University Department,,,,,Internal,0012e0000036xTHAAY,4
0012e000002Zt1ZAAS,University Department,,,,,Internal,0012e0000036xTHAAY,4
0012e000002Zt1aAAC,University Department,,,,,Internal,0012e0000036xTHAAY,4
0012e000002Zt1bAAC,University Department,,,,,Internal,0012e0000036xTHAAY,4
0012e000002Zt1cAAC,University Department,,,,,Internal,0012e000002Zt1vAAC,4
0012e000002Zt1dAAC,University Department,,,,,Internal,0012e000002Zt1vAAC,4
0012e000002Zt1eAAC,University Department,,,,,Internal,0012e000002Zt0UAAS,7
0012e000002Zt1fAAC,University Department,,,,,Internal,0012e000002YeO0AAK,
0012e000002Zt1gAAC,University Department,,,,,Internal,0012e000002YeO0AAK,
0012e000002Zt1hAAC,University Department,,,,,Internal,0012e0000036xPQAAY,6
0012e000002Zt1iAAC,University Department,,,,,Internal,0012e000002Zt1vAAC,4
0012e000002Zt1jAAC,University Department,,,,,Internal,0012e000002Zt1uAAC,4
0012e000002Zt1kAAC,University Department,,,,,Internal,0012e0000036xTHAAY,4
0012e000002Zt1lAAC,University Department,,,,,Internal,0012e000002Zt1GAAS,8
0012e000002Zt1mAAC,University Department,,,,,Internal,0012e0000036xTHAAY,4
0012e000002Zt1nAAC,University Department,,,,,Internal,0012e000002Zt09AAC,4
0012e000002Zt1oAAC,University Department,,,,,Internal,0012e0000036xTHAAY,4
0012e000002Zt1pAAC,University Department,,,,,Internal,0012e000002YeO0AAK,
0012e000002Zt1qAAC,University Department,,,,,Internal,0012e000002ZGfbAAG,5
0012e000002Zt1rAAC,University Department,,,,,Internal,0012e0000036xTHAAY,4
0012e000002Zt1sAAC,University Department,,,,,Internal,0012e000002Zt08AAC,3
0012e000002Zt1tAAC,University Department,,,,,Internal,0012e000002Zt08AAC,3
0012e000002Zt1uAAC,University Department,,,,,Internal,0012e000002Zt08AAC,3
0012e000002Zt1vAAC,University Department,,,,,Internal,0012e000002Zt08AAC,3
0012e000002Zt1wAAC,University Department,,,,,Internal,0012e000002Zt08AAC,3
0012e000002Zt1xAAC,University Department,,,,,Internal,0012e000002Zt1wAAC,4
0012e000002Zt1yAAC,University Department,,,,,Internal,0012e000002Zt08AAC,3
0012e000002Zt1zAAC,University Department,,,,,Internal,0012e000002Zt1yAAC,4
0012e000002Zt20AAC,University Department,,,,,Internal,0012e000002ZGfbAAG,5
0012e000002Zt21AAC,University Department,,,,,Internal,0012e000002ZGfbAAG,5
0012e000002Zt22AAC,University Department,,,,,Internal,0012e000002ZGfbAAG,5
0012e000002Zt23AAC,University Department,,,,,Internal,0012e000002ZGfbAAG,5
0012e000002Zt24AAC,University Department,,,,,Internal,0012e000002YeO0AAK,
0012e000002Zt25AAC,University Department,,,,,Internal,0012e000003hllpAAA,5
0012e000002Zt26AAC,University Department,,,,,Internal,0012e000003hllpAAA,5
0012e000002Zt27AAC,University Department,,,,,Internal,0012e000002ZmOUAA0,5
0012e000002Zt28AAC,University Department,,,,,Internal,0012e000002ZmOUAA0,5
0012e000002Zt29AAC,University Department,,,,,Internal,0012e000003hllpAAA,5
0012e000002Zt2AAAS,University Department,,,,,Internal,0012e000003hllpAAA,5
0012e000002Zt2BAAS,University Department,,,,,Internal,0012e000002ZmOUAA0,5
0012e0000036xSEAAY,University Department,,,,,Internal,0012e000002Z4ziAAC,7
0012e0000036xSFAAY,University Department,,,,,Internal,0012e000002YoYUAA0,6
0012e0000036xSGAAY,University Department,,,,,Internal,0012e000002Z52yAAC,6
0012e0000036xSHAAY,University Department,,,,,Internal,0012e000002Z52yAAC,6
0012e0000036xSIAAY,University Department,,,,,Internal,0012e000002YoWTAA0,7
0012e0000036xSJAAY,University Department,,,,,Internal,,
0012e0000036xSKAAY,University Department,,,,,Internal,0012e000002Z51wAAC,7
0012e0000036xSLAAY,University Department,,,,,Internal,0012e000002Zt0yAAC,7
0012e0000036xSMAAY,University Department,,,,,Internal,0012e000002Zt15AAC,8
0012e0000036xSNAAY,University Department,,,,,Internal,0012e000002Zt18AAC,8
0012e0000036xSOAAY,University Department,,,,,Internal,0012e000002Z6AWAA0,6
0012e0000036xSPAAY,University Department,,,,,Internal,0012e000002Z6AWAA0,6
0012e0000036xSQAAY,University Department,,,,,Internal,0012e000002Zt18AAC,8
0012e0000036xSRAAY,University Department,,,,,Internal,0012e000002Zt0qAAC,7
0012e0000036xSDAAY,University Department,,,,,Internal,0012e000002Z52yAAC,6
0012e0000036xSSAAY,University Department,,,,,Internal,,
0012e0000036xSTAAY,University Department,,,,,Internal,0012e000002Zt1RAAS,5
0012e0000036xSUAAY,University Department,,,,,Internal,0012e000002Zt1JAAS,7
0012e0000036xSVAAY,University Department,,,,,Internal,0012e000002YoY7AAK,6
0012e0000036xSWAAY,University Department,,,,,Internal,,
0012e0000036xSXAAY,University Department,,,,,Internal,0012e0000036xPeAAI,6
0012e0000036xSYAAY,University Department,,,,,Internal,0012e0000036xPfAAI,6
0012e0000036xSZAAY,University Department,,,,,Internal,0012e000002Zt0nAAC,6
0012e0000036xSaAAI,University Department,,,,,Internal,0012e0000036xPhAAI,6
0012e0000036xSbAAI,University Department,,,,,Internal,,
0012e0000036xScAAI,University Department,,,,,Internal,0012e000002YoY7AAK,6
0012e0000036xSdAAI,University Department,,,,,Internal,0012e0000036xPhAAI,6
0012e0000036xPGAAY,University Department,,,,,Internal,0012e0000036xPHAAY,7
0012e0000036xPHAAY,University Department,,,,,Internal,0012e000002Zt0mAAC,6
0012e0000036xPIAAY,University Department,,,,,Internal,,
0012e0000036xPJAAY,University Department,,,,,Internal,,
0012e0000036xPKAAY,University Department,,,,,Internal,,
0012e0000036xPLAAY,University Department,,,,,Internal,0012e0000036xQLAAY,6
0012e0000036xPMAAY,University Department,,,,,Internal,0012e0000036xQEAAY,6
0012e0000036xPNAAY,University Department,,,,,Internal,0012e000002Zt0mAAC,6
0012e0000036xPOAAY,University Department,,,,,Internal,0012e000002Zt0mAAC,6
0012e0000036xPPAAY,University Department,,,,,Internal,0012e0000036xQDAAY,5
0012e0000036xPQAAY,University Department,,,,,Internal,0012e0000036xQBAAY,5
0012e0000036xPRAAY,University Department,,,,,Internal,0012e0000036xPQAAY,6
0012e0000036xPSAAY,University Department,,,,,Internal,0012e000002Zt0JAAS,6
0012e0000036xPTAAY,University Department,,,,,Internal,0012e000002Zt1RAAS,5
0012e0000036xPUAAY,University Department,,,,,Internal,0012e000002Zt08AAC,3
0012e0000036xPVAAY,University Department,,,,,Internal,0012e000002ZmOUAA0,5
0012e0000036xPWAAY,University Department,,,,,Internal,0012e000002ZLgHAAW,5
0012e0000036xPXAAY,University Department,,,,,Internal,0012e0000036xPQAAY,6
0012e0000036xPYAAY,University Department,,,,,Internal,0012e0000036xPPAAY,6
0012e0000036xPZAAY,University Department,,,,,Internal,0012e0000036xPQAAY,6
0012e0000036xPaAAI,University Department,,,,,Internal,0012e0000036xPPAAY,6
0012e0000036xPbAAI,University Department,,,,,Internal,0012e0000036xPPAAY,6
0012e0000036xSeAAI,University Department,,,,,Internal,0012e000002Ym9QAAS,6
0012e0000036xSfAAI,University Department,,,,,Internal,0012e000002Ym9QAAS,6
0012e0000036xSgAAI,University Department,,,,,Internal,0012e000002Z4JyAAK,6
0012e0000036xPcAAI,University Department,,,,,Internal,0012e0000036xPQAAY,6
0012e0000036xPdAAI,University Department,,,,,Internal,0012e000002ZLgEAAW,5
0012e0000036xPeAAI,University Department,,,,,Internal,0012e000002ZmnxAAC,5
0012e0000036xPfAAI,University Department,,,,,Internal,0012e000002ZmnxAAC,5
0012e0000036xPgAAI,University Department,,,,,Internal,0012e000002ZmnxAAC,5
0012e0000036xPhAAI,University Department,,,,,Internal,0012e000002ZmnxAAC,5
0012e0000036xPiAAI,University Department,,,,,Internal,0012e000002ZmnxAAC,5
0012e0000036xPjAAI,University Department,,,,,Internal,0012e000002Zt0mAAC,6
0012e0000036xPkAAI,University Department,,,,,Internal,0012e0000036xPNAAY,7
0012e0000036xPlAAI,University Department,,,,,Internal,0012e0000036xPOAAY,7
0012e0000036xPmAAI,University Department,,,,,Internal,0012e000002ZGfbAAG,5
0012e0000036xPnAAI,University Department,,,,,Internal,0012e000002Zmo0AAC,5
0012e0000036xPoAAI,University Department,,,,,Internal,0012e000002Zmo0AAC,5
0012e0000036xPpAAI,University Department,,,,,Internal,0012e000002Zmo0AAC,5
0012e0000036xPqAAI,University Department,,,,,Internal,0012e000002Zmo0AAC,5
0012e0000036xPrAAI,University Department,,,,,Internal,0012e000002ZLgHAAW,5
0012e0000036xPsAAI,University Department,,,,,Internal,0012e000002ZmnxAAC,5
0012e0000036xPtAAI,University Department,,,,,Internal,0012e000002ZNYOAA4,5
0012e0000036xPuAAI,University Department,,,,,Internal,0012e0000036xPzAAI,6
0012e0000036xPvAAI,University Department,,,,,Internal,0012e0000036xPzAAI,6
0012e0000036xPwAAI,University Department,,,,,Internal,0012e0000036xPzAAI,6
0012e0000036xPxAAI,University Department,,,,,Internal,0012e0000036xPzAAI,6
0012e0000036xPyAAI,University Department,,,,,Internal,0012e000002ZNYOAA4,5
0012e0000036xPzAAI,University Department,,,,,Internal,0012e000002ZNYOAA4,5
0012e0000036xQ0AAI,University Department,,,,,Internal,0012e000002ZNYOAA4,5
0012e0000036xQ1AAI,University Department,,,,,Internal,0012e0000036xQBAAY,5
0012e0000036xQ2AAI,University Department,,,,,Internal,0012e0000036xQBAAY,5
0012e0000036xQ3AAI,University Department,,,,,Internal,0012e0000036xQEAAY,6
0012e0000036xQ4AAI,University Department,,,,,Internal,0012e000002ZLgMAAW,5
0012e0000036xQ5AAI,University Department,,,,,Internal,0012e0000036xQ2AAI,6
0012e0000036xQ6AAI,University Department,,,,,Internal,0012e000002ZNYOAA4,5
0012e0000036xQ7AAI,University Department,,,,,Internal,0012e0000036xQBAAY,5
0012e0000036xQ8AAI,University Department,,,,,Internal,0012e0000036xQBAAY,5
0012e0000036xQ9AAI,University Department,,,,,Internal,0012e0000036xQBAAY,5
0012e0000036xQAAAY,University Department,,,,,Internal,0012e0000036xQMAAY,4
0012e0000036xQBAAY,University Department,,,,,Internal,0012e0000036xQQAAY,4
0012e0000036xQCAAY,University Department,,,,,Internal,0012e0000036xQDAAY,5
0012e0000036xQDAAY,University Department,,,,,Internal,0012e0000036xQPAAY,4
0012e0000036xQEAAY,University Department,,,,,Internal,0012e0000036xQBAAY,5
0012e0000036xQFAAY,University Department,,,,,Internal,0012e000002ZLgEAAW,5
0012e0000036xQGAAY,University Department,,,,,Internal,0012e000002ZLgLAAW,5
0012e0000036xQHAAY,University Department,,,,,Internal,0012e000002ZLgLAAW,5
0012e0000036xQIAAY,University Department,,,,,Internal,0012e000002Zmo0AAC,5
0012e0000036xQJAAY,University Department,,,,,Internal,0012e000002Zmo0AAC,5
0012e0000036xQKAAY,University Department,,,,,Internal,0012e000002Zt0JAAS,6
0012e0000036xQLAAY,University Department,,,,,Internal,0012e000002ZLgMAAW,5
0012e0000036xQMAAY,University Department,,,,,Internal,0012e000002Zt08AAC,3
0012e0000036xQNAAY,University Department,,,,,Internal,0012e000002Zt08AAC,3
0012e0000036xQOAAY,University Department,,,,,Internal,0012e000002Zt08AAC,3
0012e0000036xQPAAY,University Department,,,,,Internal,0012e000002Zt08AAC,3
0012e0000036xQQAAY,University Department,,,,,Internal,0012e000002Zt08AAC,3
0012e0000036xQRAAY,University Department,,,,,Internal,0012e000002Zt08AAC,3
0012e0000036xQSAAY,University Department,,,,,Internal,0012e000002Zt08AAC,3
0012e0000036xQTAAY,University Department,,,,,Internal,,
0012e0000036xQUAAY,University Department,,,,,Internal,0012e000002Zt08AAC,3
0012e0000036xQVAAY,University Department,,,,,Internal,0012e000002Zt08AAC,3
0012e0000036xQWAAY,University Department,,,,,Internal,0012e000002Zt08AAC,3
0012e0000036xQXAAY,University Department,,,,,Internal,0012e000002Zt08AAC,3
0012e0000036xQYAAY,University Department,,,,,Internal,0012e000002YeO0AAK,1
0012e0000036xQZAAY,University Department,,,,,Internal,0012e0000036xTHAAY,4
0012e0000036xShAAI,University Department,,,,,Internal,0012e000002Zt0fAAC,6
0012e0000036xSiAAI,University Department,,,,,Internal,0012e000002ZLg9AAG,6
0012e0000036xSjAAI,University Department,,,,,Internal,0012e0000036xPfAAI,6
0012e0000036xSkAAI,University Department,,,,,Internal,0012e000002Z4xdAAC,7
0012e0000036xSlAAI,University Department,,,,,Internal,0012e000002YoWTAA0,7
0012e0000036xSmAAI,University Department,,,,,Internal,0012e000002Zt0dAAC,6
0012e0000036xSnAAI,University Department,,,,,Internal,0012e000002Z4xdAAC,7
0012e0000036xSoAAI,University Department,,,,,Internal,0012e000002Zt0dAAC,6
0012e0000036xSpAAI,University Department,,,,,Internal,0012e000002Zt1PAAS,6
0012e0000036xSqAAI,University Department,,,,,Internal,0012e000002YoWTAA0,7
0012e0000036xSrAAI,University Department,,,,,Internal,0012e000002YoYUAA0,6
0012e0000036xSsAAI,University Department,,,,,Internal,,
0012e0000036xStAAI,University Department,,,,,Internal,0012e000002Z52yAAC,6
0012e0000036xSuAAI,University Department,,,,,Internal,0012e0000036xPsAAI,6
0012e0000036xSvAAI,University Department,,,,,Internal,0012e000002Zt0yAAC,7
0012e0000036xSwAAI,University Department,,,,,Internal,0012e000002Zt18AAC,8
0012e0000036xSxAAI,University Department,,,,,Internal,0012e000002YmMXAA0,6
0012e0000036xSyAAI,University Department,,,,,Internal,0012e000002Z52yAAC,6
0012e0000036xSzAAI,University Department,,,,,Internal,0012e0000036xPhAAI,6
0012e0000036xT0AAI,University Department,,,,,Internal,0012e000002Zt0nAAC,6
0012e0000036xQaAAI,University Department,,,,,Internal,0012e0000036xQBAAY,5
0012e0000036xQbAAI,University Department,,,,,Internal,0012e000002Zt08AAC,3
0012e0000036xQcAAI,University Department,,,,,Internal,0012e000002Zt1uAAC,4
0012e0000036xQdAAI,University Department,,,,,Internal,0012e000002Zt08AAC,3
0012e0000036xQeAAI,University Department,,,,,Internal,0012e0000036xTHAAY,4
0012e0000036xQfAAI,University Department,,,,,Internal,0012e000002ZLg7AAG,5
0012e0000036xQgAAI,University Department,,,,,Internal,0012e000002ZLgIAAW,5
0012e0000036xQhAAI,University Department,,,,,Internal,0012e0000036xQBAAY,5
0012e0000036xQiAAI,University Department,,,,,Internal,0012e000002ZLgHAAW,5
0012e0000036xQjAAI,University Department,,,,,Internal,0012e0000036xQDAAY,5
0012e0000036xQkAAI,University Department,,,,,Internal,0012e0000036xQBAAY,5
0012e0000036xQlAAI,University Department,,,,,Internal,0012e000002Zt0JAAS,6
0012e0000036xQmAAI,University Department,,,,,Internal,0012e000002Zt08AAC,3
0012e0000036xQnAAI,University Department,,,,,Internal,0012e000002Zt1vAAC,4
0012e0000036xQoAAI,University Department,,,,,Internal,0012e000002ZNYOAA4,5
0012e0000036xQpAAI,University Department,,,,,Internal,0012e000002ZLgJAAW,5
0012e0000036xQqAAI,University Department,,,,,Internal,,
0012e0000036xQrAAI,University Department,,,,,Internal,,
0012e0000036xQsAAI,University Department,,,,,Internal,,
0012e0000036xQtAAI,University Department,,,,,Internal,,
0012e0000036xQuAAI,University Department,,,,,Internal,,
0012e0000036xQvAAI,University Department,,,,,Internal,,
0012e0000036xQwAAI,University Department,,,,,Internal,,
0012e0000036xQxAAI,University Department,,,,,Internal,,
0012e0000036xQyAAI,University Department,,,,,Internal,,
0012e0000036xQzAAI,University Department,,,,,Internal,,
0012e0000036xR0AAI,University Department,,,,,Internal,,
0012e0000036xR1AAI,University Department,,,,,Internal,0012e000002YoYUAA0,6
0012e0000036xR2AAI,University Department,,,,,Internal,0012e000002Zt1RAAS,5
0012e0000036xR3AAI,University Department,,,,,Internal,,
0012e0000036xR4AAI,University Department,,,,,Internal,,
0012e0000036xT1AAI,University Department,,,,,Internal,0012e0000036xPfAAI,6
0012e0000036xT2AAI,University Department,,,,,Internal,0012e000002YmMXAA0,6
0012e0000036xT3AAI,University Department,,,,,Internal,0012e000002Zt1PAAS,6
0012e0000036xT4AAI,University Department,,,,,Internal,,
0012e0000036xT5AAI,University Department,,,,,Internal,0012e0000036xQGAAY,6
0012e0000036xT6AAI,University Department,,,,,Internal,,
0012e0000036xT7AAI,University Department,,,,,Internal,0012e0000036xQGAAY,6
0012e0000036xT8AAI,University Department,,,,,Internal,0012e000002Zt1OAAS,6
0012e0000036xT9AAI,University Department,,,,,Internal,,
0012e0000036xTAAAY,University Department,,,,,Internal,,
0012e0000036xTBAAY,University Department,,,,,Internal,,
0012e0000036xTCAAY,University Department,,,,,Internal,,
0012e0000036xTDAAY,University Department,,,,,Internal,0012e0000036xQBAAY,5
0012e0000036xTEAAY,University Department,,,,,Internal,0012e0000036xQBAAY,5
0012e0000036xTFAAY,University Department,,,,,Internal,,
0012e0000036xTGAAY,University Department,,,,,Internal,,
0012e0000036xTHAAY,University Department,,,,,Internal,0012e000002Zt08AAC,3
0012e0000036xTIAAY,University Department,,,,,Internal,,
0012e0000036xTJAAY,University Department,,,,,Internal,,
0012e0000036xR5AAI,University Department,,,,,Internal,0012e000002Zt0dAAC,6
0012e0000036xR6AAI,University Department,,,,,Internal,,
0012e0000036xR7AAI,University Department,,,,,Internal,0012e000002Zt0SAAS,6
0012e0000036xR8AAI,University Department,,,,,Internal,0012e0000036xQBAAY,5
0012e0000036xR9AAI,University Department,,,,,Internal,0012e000002YlhnAAC,6
0012e0000036xRAAAY,University Department,,,,,Internal,0012e000002Zmo0AAC,5
0012e0000036xRBAAY,University Department,,,,,Internal,0012e000002Z51wAAC,7
0012e0000036xRCAAY,University Department,,,,,Internal,0012e0000036xPvAAI,7
0012e0000036xRDAAY,University Department,,,,,Internal,0012e000002Z51dAAC,6
0012e0000036xREAAY,University Department,,,,,Internal,0012e000002Zt0RAAS,6
0012e0000036xRFAAY,University Department,,,,,Internal,0012e000002Z51wAAC,7
0012e0000036xRGAAY,University Department,,,,,Internal,0012e000002Zt1RAAS,5
0012e0000036xRHAAY,University Department,,,,,Internal,0012e000002Z51dAAC,6
0012e0000036xRIAAY,University Department,,,,,Internal,0012e0000036xQ0AAI,6
0012e0000036xRJAAY,University Department,,,,,Internal,0012e000002Z4IxAAK,6
0012e0000036xRKAAY,University Department,,,,,Internal,0012e000002ZLgIAAW,5
0012e0000036xRLAAY,University Department,,,,,Internal,,
0012e0000036xRMAAY,University Department,,,,,Internal,0012e000002ZNYOAA4,5
0012e0000036xRNAAY,University Department,,,,,Internal,0012e000002Zt0YAAS,6
0012e0000036xROAAY,University Department,,,,,Internal,0012e000002Z51dAAC,6
0012e0000036xRPAAY,University Department,,,,,Internal,0012e000002Zmo0AAC,5
0012e0000036xRQAAY,University Department,,,,,Internal,0012e000002Z51dAAC,6
0012e0000036xRRAAY,University Department,,,,,Internal,0012e000002YoYUAA0,6
0012e0000036xRSAAY,University Department,,,,,Internal,0012e000002YoYUAA0,6
0012e0000036xRTAAY,University Department,,,,,Internal,0012e000002Zmo0AAC,5
0012e0000036xRUAAY,University Department,,,,,Internal,0012e000002Zmo0AAC,5
0012e0000036xRVAAY,University Department,,,,,Internal,0012e000002Zmo0AAC,5
0012e0000036xRWAAY,University Department,,,,,Internal,0012e000002Zmo0AAC,5
0012e0000036xRXAAY,University Department,,,,,Internal,0012e000002Zt0fAAC,6
0012e0000036xRYAAY,University Department,,,,,Internal,0012e000002Z4xdAAC,7
0012e0000036xRZAAY,University Department,,,,,Internal,0012e000002Zt1RAAS,5
0012e0000036xRaAAI,University Department,,,,,Internal,0012e000002Zt1RAAS,5
0012e0000036xRbAAI,University Department,,,,,Internal,0012e000002Zt0fAAC,6
0012e0000036xRcAAI,University Department,,,,,Internal,0012e000002ZLg7AAG,5
0012e0000036xRdAAI,University Department,,,,,Internal,0012e000002Zt1RAAS,5
0012e0000036xReAAI,University Department,,,,,Internal,0012e000002ZLg7AAG,5
0012e0000036xRfAAI,University Department,,,,,Internal,0012e000002YoWTAA0,7
0012e0000036xRgAAI,University Department,,,,,Internal,0012e000002Zt1RAAS,5
0012e0000036xRhAAI,University Department,,,,,Internal,0012e000002Zt0oAAC,7
0012e0000036xRiAAI,University Department,,,,,Internal,0012e000002Zt18AAC,8
0012e0000036xRjAAI,University Department,,,,,Internal,0012e000002YmNRAA0,6
0012e0000036xRkAAI,University Department,,,,,Internal,0012e000002Zt1RAAS,5
0012e0000036xRlAAI,University Department,,,,,Internal,0012e000002Zmo0AAC,5
0012e0000036xRmAAI,University Department,,,,,Internal,0012e000002Zmo0AAC,5
0012e0000036xRnAAI,University Department,,,,,Internal,,
0012e0000036xRoAAI,University Department,,,,,Internal,0012e000002Zt1RAAS,5
0012e0000036xRpAAI,University Department,,,,,Internal,0012e000002Zt1RAAS,5
0012e0000036xRqAAI,University Department,,,,,Internal,0012e000002Zt0pAAC,7
0012e0000036xRrAAI,University Department,,,,,Internal,0012e000002Z51wAAC,7
0012e0000036xRsAAI,University Department,,,,,Internal,0012e000002Z51wAAC,7
0012e0000036xRtAAI,University Department,,,,,Internal,0012e000002YoY7AAK,6
0012e0000036xRuAAI,University Department,,,,,Internal,,
0012e0000036xRvAAI,University Department,,,,,Internal,0012e0000036xPhAAI,6
0012e0000036xRwAAI,University Department,,,,,Internal,0012e000002Z67WAAS,6
0012e0000036xRxAAI,University Department,,,,,Internal,0012e000002Zt0oAAC,7
0012e0000036xRyAAI,University Department,,,,,Internal,0012e000002Zt0pAAC,7
0012e0000036xRzAAI,University Department,,,,,Internal,0012e000002ZGfbAAG,5
0012e0000036xS0AAI,University Department,,,,,Internal,0012e000002Z51eAAC,6
0012e0000036xS1AAI,University Department,,,,,Internal,0012e000002ZLg9AAG,6
0012e0000036xS2AAI,University Department,,,,,Internal,0012e000002ZLg9AAG,6
0012e0000036xS3AAI,University Department,,,,,Internal,0012e0000036xQGAAY,6
0012e0000036xS4AAI,University Department,,,,,Internal,0012e0000036xQGAAY,6
0012e0000036xS5AAI,University Department,,,,,Internal,0012e000002Ym9QAAS,6
0012e0000036xS6AAI,University Department,,,,,Internal,0012e000002YoY7AAK,6
0012e0000036xS7AAI,University Department,,,,,Internal,0012e000002ZLg9AAG,6
0012e0000036xS8AAI,University Department,,,,,Internal,0012e0000036xPhAAI,6
0012e0000036xS9AAI,University Department,,,,,Internal,0012e000002ZLg9AAG,6
0012e0000036xSAAAY,University Department,,,,,Internal,0012e000002YoYUAA0,6
0012e0000036xSBAAY,University Department,,,,,Internal,0012e000002Zt0eAAC,6
0012e0000036xSCAAY,University Department,,,,,Internal,0012e000002Z52yAAC,6
0012e0000037tUPAAY,Business Organization,,,,,Internal,,
0012e0000037tUQAAY,Business Organization,,,,,Internal,,
0012e0000037tURAAY,Business Organization,,,,,Internal,,
0012e0000037tUSAAY,Business Organization,,,,,Internal,,
0012e0000037tUTAAY,Business Organization,,,,,Internal,,
0012e0000037tUUAAY,Business Organization,,,,,Internal,,
0012e0000037tUVAAY,Business Organization,,,,,Internal,,
0012e0000037tUWAAY,Business Organization,,,,,Internal,,
0012e0000037tUXAAY,Business Organization,,,,,Internal,,
0012e0000037tUZAAY,Business Organization,,,,,Internal,,
0012e0000037tUaAAI,Business Organization,,,,,Internal,,
0012e0000037tUbAAI,Business Organization,,,,,Internal,,
0012e0000037tUcAAI,Business Organization,,,,,Internal,,
0012e0000037tUdAAI,Business Organization,,,,,Internal,,
0012e0000037tUeAAI,Business Organization,,,,,Internal,,
0012e0000037tUfAAI,Business Organization,,,,,Internal,,
0012e0000037tUgAAI,Business Organization,,,,,Internal,,
0012e0000037tUhAAI,Business Organization,,,,,Internal,,
0012e0000037tUiAAI,Business Organization,,,,,Internal,,
0012e0000037tUjAAI,Business Organization,,,,,Internal,,
0012e0000037tUkAAI,Business Organization,,,,,Internal,,
0012e0000037tUlAAI,Business Organization,,,,,Internal,,
0012e0000037tUmAAI,Business Organization,,,,,Internal,,
0012e0000037tUnAAI,Business Organization,,,,,Internal,,
0012e0000037tUoAAI,Business Organization,,,,,Internal,,
0012e0000037tUpAAI,Business Organization,,,,,Internal,,
0012e0000037tUqAAI,Business Organization,,,,,Internal,,
0012e0000037tUrAAI,Business Organization,,,,,Internal,,
0012e0000037tUsAAI,Business Organization,,,,,Internal,,
0012e0000037tUtAAI,Business Organization,,,,,Internal,,
0012e0000037tUuAAI,Business Organization,,,,,Internal,,
0012e0000037tUvAAI,Business Organization,,,,,Internal,,
0012e0000037tUwAAI,Business Organization,,,,,Internal,,
0012e0000037tUxAAI,Business Organization,,,,,Internal,,
0012e0000037tUyAAI,Business Organization,,,,,Internal,,
0012e0000037tUzAAI,Business Organization,,,,,Internal,,
0012e0000037tV0AAI,Business Organization,,,,,Internal,,
0012e0000037tV1AAI,Business Organization,,,,,Internal,,
0012e0000037tV2AAI,Business Organization,,,,,Internal,,
0012e0000037tV3AAI,Business Organization,,,,,Internal,,
0012e0000037tV4AAI,Business Organization,,,,,Internal,,
0012e0000037tV5AAI,Business Organization,,,,,Internal,,
0012e0000037tV6AAI,Business Organization,,,,,Internal,,
0012e0000037tV7AAI,Business Organization,,,,,Internal,,
0012e0000037tV8AAI,Business Organization,,,,,Internal,,
0012e0000037tV9AAI,Business Organization,,,,,Internal,,
0012e0000037tVAAAY,Business Organization,,,,,Internal,,
0012e0000037tVBAAY,Business Organization,,,,,Internal,,
0012e0000037tVCAAY,Business Organization,,,,,Internal,,
0012e0000037tVDAAY,Business Organization,,,,,Internal,,
0012e0000037tVEAAY,Business Organization,,,,,Internal,,
0012e0000037tVFAAY,Business Organization,,,,,Internal,,
0012e0000037tVGAAY,Business Organization,,,,,Internal,,
0012e0000037tVHAAY,Business Organization,,,,,Internal,,
0012e0000037tVIAAY,Business Organization,,,,,Internal,,
0012e0000037tVJAAY,Business Organization,,,,,Internal,,
0012e0000037tVKAAY,Business Organization,,,,,Internal,,
0012e0000037tVLAAY,Business Organization,,,,,Internal,,
0012e0000037tVMAAY,Business Organization,,,,,Internal,,
0012e0000037tVNAAY,Business Organization,,,,,Internal,,
0012e0000037tVOAAY,Business Organization,,,,,Internal,,
0012e0000037tVPAAY,Business Organization,,,,,Internal,,
0012e0000037tVQAAY,Business Organization,,,,,Internal,,
0012e0000037tVRAAY,Business Organization,,,,,Internal,,
0012e0000037tVSAAY,Business Organization,,,,,Internal,,
0012e0000037tVTAAY,Business Organization,,,,,Internal,,
0012e0000037tVUAAY,Business Organization,,,,,Internal,,
0012e0000037tVVAAY,Business Organization,,,,,Internal,,
0012e0000037tVWAAY,Business Organization,,,,,Internal,,
0012e0000037tVXAAY,Business Organization,,,,,Internal,,
0012e0000037tVYAAY,Business Organization,,,,,Internal,,
0012e0000037tVhAAI,Business Organization,,,,,Internal,,
0012e0000037tViAAI,Business Organization,,,,,Internal,,
0012e0000037tVjAAI,Business Organization,,,,,Internal,,
0012e0000037tPyAAI,Business Organization,,,,,Internal,,
0012e0000037tPzAAI,Business Organization,,,,,Internal,,
0012e0000037tQ0AAI,Business Organization,,,,,Internal,,
0012e0000037tQ1AAI,Business Organization,,,,,Internal,,
0012e0000037tQ2AAI,Business Organization,,,,,Internal,,
0012e0000037tQ3AAI,Business Organization,,,,,Internal,,
0012e0000037tQ4AAI,Business Organization,,,,,Internal,,
0012e0000037tQ5AAI,Business Organization,,,,,Internal,,
0012e0000037tQ6AAI,Business Organization,,,,,Internal,,
0012e0000037tQ7AAI,Business Organization,,,,,Internal,,
0012e0000037tQ8AAI,Business Organization,,,,,Internal,,
0012e0000037tQ9AAI,Business Organization,,,,,Internal,,
0012e0000037tQAAAY,Business Organization,,,,,Internal,,
0012e0000037tQBAAY,Business Organization,,,,,Internal,,
0012e0000037tQCAAY,Business Organization,,,,,Internal,,
0012e0000037tQDAAY,Business Organization,,,,,Internal,,
0012e0000037tQEAAY,Business Organization,,,,,Internal,,
0012e0000037tQFAAY,Business Organization,,,,,Internal,,
0012e0000037tQGAAY,Business Organization,,,,,Internal,,
0012e0000037tQHAAY,Business Organization,,,,,Internal,,
0012e0000037tQIAAY,Business Organization,,,,,Internal,,
0012e0000037tQJAAY,Business Organization,,,,,Internal,,
0012e0000037tQKAAY,Business Organization,,,,,Internal,,
0012e0000037tQLAAY,Business Organization,,,,,Internal,,
0012e0000037tQMAAY,Business Organization,,,,,Internal,,
0012e0000037tQNAAY,Business Organization,,,,,Internal,,
0012e0000037tQOAAY,Business Organization,,,,,Internal,,
0012e0000037tQPAAY,Business Organization,,,,,Internal,,
0012e0000037tQQAAY,Business Organization,,,,,Internal,,
0012e0000037tQRAAY,Business Organization,,,,,Internal,,
0012e0000037tQSAAY,Business Organization,,,,,Internal,,
0012e0000037tQTAAY,Business Organization,,,,,Internal,,
0012e0000037tQUAAY,Business Organization,,,,,Internal,,
0012e0000037tQVAAY,Business Organization,,,,,Internal,,
0012e0000037tQWAAY,Business Organization,,,,,Internal,,
0012e0000037tQXAAY,Business Organization,,,,,Internal,,
0012e0000037tQYAAY,Business Organization,,,,,Internal,,
0012e0000037tQZAAY,Business Organization,,,,,Internal,,
0012e0000037tQaAAI,Business Organization,,,,,Internal,,
0012e0000037tQbAAI,Business Organization,,,,,Internal,,
0012e0000037tQcAAI,Business Organization,,,,,Internal,,
0012e0000037tQdAAI,Business Organization,,,,,Internal,,
0012e0000037tQeAAI,Business Organization,,,,,Internal,,
0012e0000037tQfAAI,Business Organization,,,,,Internal,,
0012e0000037tQgAAI,Business Organization,,,,,Internal,,
0012e0000037tQhAAI,Business Organization,,,,,Internal,,
0012e0000037tQiAAI,Business Organization,,,,,Internal,,
0012e0000037tQjAAI,Business Organization,,,,,Internal,,
0012e0000037tQkAAI,Business Organization,,,,,Internal,,
0012e0000037tQlAAI,Business Organization,,,,,Internal,,
0012e0000037tQmAAI,Business Organization,,,,,Internal,,
0012e0000037tQnAAI,Business Organization,,,,,Internal,,
0012e0000037tQoAAI,Business Organization,,,,,Internal,,
0012e0000037tQpAAI,Business Organization,,,,,Internal,,
0012e0000037tQqAAI,Business Organization,,,,,Internal,,
0012e0000037tRkAAI,Business Organization,,,,,Internal,,
0012e0000037tRlAAI,Business Organization,,,,,Internal,,
0012e0000037tRmAAI,Business Organization,,,,,Internal,,
0012e0000037tRnAAI,Business Organization,,,,,Internal,,
0012e0000037tRoAAI,Business Organization,,,,,Internal,,
0012e0000037tRpAAI,Business Organization,,,,,Internal,,
0012e0000037tRqAAI,Business Organization,,,,,Internal,,
0012e0000037tRrAAI,Business Organization,,,,,Internal,,
0012e0000037tRsAAI,Business Organization,,,,,Internal,,
0012e0000037tRtAAI,Business Organization,,,,,Internal,,
0012e0000037tRuAAI,Business Organization,,,,,Internal,,
0012e0000037tRvAAI,Business Organization,,,,,Internal,,
0012e0000037tRwAAI,Business Organization,,,,,Internal,,
0012e0000037tRxAAI,Business Organization,,,,,Internal,,
0012e0000037tRyAAI,Business Organization,,,,,Internal,,
0012e0000037tRzAAI,Business Organization,,,,,Internal,,
0012e0000037tS0AAI,Business Organization,,,,,Internal,,
0012e0000037tS1AAI,Business Organization,,,,,Internal,,
0012e0000037tS2AAI,Business Organization,,,,,Internal,,
0012e0000037tS3AAI,Business Organization,,,,,Internal,,
0012e0000037tS4AAI,Business Organization,,,,,Internal,,
0012e0000037tS5AAI,Business Organization,,,,,Internal,,
0012e0000037tS6AAI,Business Organization,,,,,Internal,,
0012e0000037tS7AAI,Business Organization,,,,,Internal,,
0012e0000037tS8AAI,Business Organization,,,,,Internal,,
0012e0000037tS9AAI,Business Organization,,,,,Internal,,
0012e0000037tSAAAY,Business Organization,,,,,Internal,,
0012e0000037tSBAAY,Business Organization,,,,,Internal,,
0012e0000037tSCAAY,Business Organization,,,,,Internal,,
0012e0000037tSDAAY,Business Organization,,,,,Internal,,
0012e0000037tSEAAY,Business Organization,,,,,Internal,,
0012e0000037tSFAAY,Business Organization,,,,,Internal,,
0012e0000037tSGAAY,Business Organization,,,,,Internal,,
0012e0000037tSHAAY,Business Organization,,,,,Internal,,
0012e0000037tSIAAY,Business Organization,,,,,Internal,,
0012e0000037tSJAAY,Business Organization,,,,,Internal,,
0012e0000037tSKAAY,Business Organization,,,,,Internal,,
0012e0000037tSLAAY,Business Organization,,,,,Internal,,
0012e0000037tSMAAY,Business Organization,,,,,Internal,,
0012e0000037tSNAAY,Business Organization,,,,,Internal,,
0012e0000037tSOAAY,Business Organization,,,,,Internal,,
0012e0000037tSPAAY,Business Organization,,,,,Internal,,
0012e0000037tSQAAY,Business Organization,,,,,Internal,,
0012e0000037tSRAAY,Business Organization,,,,,Internal,,
0012e0000037tSSAAY,Business Organization,,,,,Internal,,
0012e0000037tSTAAY,Business Organization,,,,,Internal,,
0012e0000037tSUAAY,Business Organization,,,,,Internal,,
0012e0000037tSVAAY,Business Organization,,,,,Internal,,
0012e0000037tSWAAY,Business Organization,,,,,Internal,,
0012e0000037tSXAAY,Business Organization,,,,,Internal,,
0012e0000037tSYAAY,Business Organization,,,,,Internal,,
0012e0000037tSZAAY,Business Organization,,,,,Internal,,
0012e0000037tSaAAI,Business Organization,,,,,Internal,,
0012e0000037tSbAAI,Business Organization,,,,,Internal,,
0012e0000037tScAAI,Business Organization,,,,,Internal,,
0012e0000037tQrAAI,Business Organization,,,,,Internal,,
0012e0000037tQsAAI,Business Organization,,,,,Internal,,
0012e0000037tQtAAI,Business Organization,,,,,Internal,,
0012e0000037tQuAAI,Business Organization,,,,,Internal,,
0012e0000037tQvAAI,Business Organization,,,,,Internal,,
0012e0000037tQwAAI,Business Organization,,,,,Internal,,
0012e0000037tQxAAI,Business Organization,,,,,Internal,,
0012e0000037tQyAAI,Business Organization,,,,,Internal,,
0012e0000037tQzAAI,Business Organization,,,,,Internal,,
0012e0000037tR0AAI,Business Organization,,,,,Internal,,
0012e0000037tR1AAI,Business Organization,,,,,Internal,,
0012e0000037tR2AAI,Business Organization,,,,,Internal,,
0012e0000037tR3AAI,Business Organization,,,,,Internal,,
0012e0000037tR4AAI,Business Organization,,,,,Internal,,
0012e0000037tR5AAI,Business Organization,,,,,Internal,,
0012e0000037tR6AAI,Business Organization,,,,,Internal,,
0012e0000037tR7AAI,Business Organization,,,,,Internal,,
0012e0000037tR8AAI,Business Organization,,,,,Internal,,
0012e0000037tR9AAI,Business Organization,,,,,Internal,,
0012e0000037tRAAAY,Business Organization,,,,,Internal,,
0012e0000037tRBAAY,Business Organization,,,,,Internal,,
0012e0000037tRCAAY,Business Organization,,,,,Internal,,
0012e0000037tRDAAY,Business Organization,,,,,Internal,,
0012e0000037tREAAY,Business Organization,,,,,Internal,,
0012e0000037tRFAAY,Business Organization,,,,,Internal,,
0012e0000037tRGAAY,Business Organization,,,,,Internal,,
0012e0000037tRHAAY,Business Organization,,,,,Internal,,
0012e0000037tRIAAY,Business Organization,,,,,Internal,,
0012e0000037tRJAAY,Business Organization,,,,,Internal,,
0012e0000037tRKAAY,Business Organization,,,,,Internal,,
0012e0000037tRLAAY,Business Organization,,,,,Internal,,
0012e0000037tRMAAY,Business Organization,,,,,Internal,,
0012e0000037tRNAAY,Business Organization,,,,,Internal,,
0012e0000037tROAAY,Business Organization,,,,,Internal,,
0012e0000037tRPAAY,Business Organization,,,,,Internal,,
0012e0000037tRQAAY,Business Organization,,,,,Internal,,
0012e0000037tRRAAY,Business Organization,,,,,Internal,,
0012e0000037tRSAAY,Business Organization,,,,,Internal,,
0012e0000037tRTAAY,Business Organization,,,,,Internal,,
0012e0000037tRUAAY,Business Organization,,,,,Internal,,
0012e0000037tRVAAY,Business Organization,,,,,Internal,,
0012e0000037tRWAAY,Business Organization,,,,,Internal,,
0012e0000037tRXAAY,Business Organization,,,,,Internal,,
0012e0000037tRYAAY,Business Organization,,,,,Internal,,
0012e0000037tRZAAY,Business Organization,,,,,Internal,,
0012e0000037tRaAAI,Business Organization,,,,,Internal,,
0012e0000037tRbAAI,Business Organization,,,,,Internal,,
0012e0000037tRcAAI,Business Organization,,,,,Internal,,
0012e0000037tRdAAI,Business Organization,,,,,Internal,,
0012e0000037tReAAI,Business Organization,,,,,Internal,,
0012e0000037tRfAAI,Business Organization,,,,,Internal,,
0012e0000037tRgAAI,Business Organization,,,,,Internal,,
0012e0000037tRhAAI,Business Organization,,,,,Internal,,
0012e0000037tRiAAI,Business Organization,,,,,Internal,,
0012e0000037tRjAAI,Business Organization,,,,,Internal,,
0012e0000037tSdAAI,Business Organization,,,,,Internal,,
0012e0000037tSeAAI,Business Organization,,,,,Internal,,
0012e0000037tSfAAI,Business Organization,,,,,Internal,,
0012e0000037tSgAAI,Business Organization,,,,,Internal,,
0012e0000037tShAAI,Business Organization,,,,,Internal,,
0012e0000037tSiAAI,Business Organization,,,,,Internal,,
0012e0000037tSjAAI,Business Organization,,,,,Internal,,
0012e0000037tSkAAI,Business Organization,,,,,Internal,,
0012e0000037tSlAAI,Business Organization,,,,,Internal,,
0012e0000037tSmAAI,Business Organization,,,,,Internal,,
0012e0000037tSnAAI,Business Organization,,,,,Internal,,
0012e0000037tSoAAI,Business Organization,,,,,Internal,,
0012e0000037tSpAAI,Business Organization,,,,,Internal,,
0012e0000037tSqAAI,Business Organization,,,,,Internal,,
0012e0000037tSrAAI,Business Organization,,,,,Internal,,
0012e0000037tSsAAI,Business Organization,,,,,Internal,,
0012e0000037tStAAI,Business Organization,,,,,Internal,,
0012e0000037tSuAAI,Business Organization,,,,,Internal,,
0012e0000037tSvAAI,Business Organization,,,,,Internal,,
0012e0000037tSwAAI,Business Organization,,,,,Internal,,
0012e0000037tSxAAI,Business Organization,,,,,Internal,,
0012e0000037tSyAAI,Business Organization,,,,,Internal,,
0012e0000037tSzAAI,Business Organization,,,,,Internal,,
0012e0000037tT0AAI,Business Organization,,,,,Internal,,
0012e0000037tT1AAI,Business Organization,,,,,Internal,,
0012e0000037tT2AAI,Business Organization,,,,,Internal,,
0012e0000037tT3AAI,Business Organization,,,,,Internal,,
0012e0000037tT4AAI,Business Organization,,,,,Internal,,
0012e0000037tT5AAI,Business Organization,,,,,Internal,,
0012e0000037tT6AAI,Business Organization,,,,,Internal,,
0012e0000037tT7AAI,Business Organization,,,,,Internal,,
0012e0000037tT8AAI,Business Organization,,,,,Internal,,
0012e0000037tT9AAI,Business Organization,,,,,Internal,,
0012e0000037tTAAAY,Business Organization,,,,,Internal,,
0012e0000037tTBAAY,Business Organization,,,,,Internal,,
0012e0000037tTCAAY,Business Organization,,,,,Internal,,
0012e0000037tTDAAY,Business Organization,,,,,Internal,,
0012e0000037tTEAAY,Business Organization,,,,,Internal,,
0012e0000037tTFAAY,Business Organization,,,,,Internal,,
0012e0000037tTGAAY,Business Organization,,,,,Internal,,
0012e0000037tTHAAY,Business Organization,,,,,Internal,,
0012e0000037tTIAAY,Business Organization,,,,,Internal,,
0012e0000037tTJAAY,Business Organization,,,,,Internal,,
0012e0000037tTKAAY,Business Organization,,,,,Internal,,
0012e0000037tTLAAY,Business Organization,,,,,Internal,,
0012e0000037tTMAAY,Business Organization,,,,,Internal,,
0012e0000037tTNAAY,Business Organization,,,,,Internal,,
0012e0000037tTOAAY,Business Organization,Health,Health Care & Healthy Aging,Government: Australia: Local & State,Australia,Internal,,
0012e0000037tTPAAY,Business Organization,,,,,Internal,,
0012e0000037tTQAAY,Business Organization,,,,,Internal,,
0012e0000037tTRAAY,Business Organization,,,,,Internal,,
0012e0000037tTSAAY,Business Organization,,,,,Internal,,
0012e0000037tTTAAY,Business Organization,,,,,Internal,,
0012e0000037tTUAAY,Business Organization,,,,,Internal,,
0012e0000037tTVAAY,Business Organization,,,,,Internal,,
0012e0000037tTWAAY,Business Organization,,,,,Internal,,
0012e0000037tTXAAY,Business Organization,,,,,Internal,,
0012e0000037tTYAAY,Business Organization,,,,,Internal,,
0012e0000037tTZAAY,Business Organization,,,,,Internal,,
0012e0000037tTaAAI,Business Organization,,,,,Internal,,
0012e0000037tTbAAI,Business Organization,,,,,Internal,,
0012e0000037tTcAAI,Business Organization,,,,,Internal,,
0012e0000037tTdAAI,Business Organization,,,,,Internal,,
0012e0000037tTeAAI,Business Organization,,,,,Internal,,
0012e0000037tTfAAI,Business Organization,,,,,Internal,,
0012e0000037tTgAAI,Business Organization,,,,,Internal,,
0012e0000037tThAAI,Business Organization,,,,,Internal,,
0012e0000037tTiAAI,Business Organization,,,,,Internal,,
0012e0000037tTjAAI,Business Organization,,,,,Internal,,
0012e0000037tTkAAI,Business Organization,,,,,Internal,,
0012e0000037tTlAAI,Business Organization,,,,,Internal,,
0012e0000037tTmAAI,Business Organization,,,,,Internal,,
0012e0000037tTnAAI,Business Organization,,,,,Internal,,
0012e0000037tToAAI,Business Organization,,,,,Internal,,
0012e0000037tTpAAI,Business Organization,,,,,Internal,,
0012e0000037tTqAAI,Business Organization,,,,,Internal,,
0012e0000037tTrAAI,Business Organization,,,,,Internal,,
0012e0000037tTsAAI,Business Organization,,,,,Internal,,
0012e0000037tTtAAI,Business Organization,,,,,Internal,,
0012e0000037tTuAAI,Business Organization,,,,,Internal,,
0012e0000037tTvAAI,Business Organization,,,,,Internal,,
0012e0000037tTwAAI,Business Organization,,,,,Internal,,
0012e0000037tTxAAI,Business Organization,,,,,Internal,,
0012e0000037tTyAAI,Business Organization,,,,,Internal,,
0012e0000037tTzAAI,Business Organization,,,,,Internal,,
0012e0000037tU0AAI,Business Organization,,,,,Internal,,
0012e0000037tU1AAI,Business Organization,,,,,Internal,,
0012e0000037tU2AAI,Business Organization,,,,,Internal,,
0012e0000037tU3AAI,Business Organization,,,,,Internal,,
0012e0000037tU4AAI,Business Organization,,,,,Internal,,
0012e0000037tU5AAI,Business Organization,,,,,Internal,,
0012e0000037tU6AAI,Business Organization,,,,,Internal,,
0012e0000037tU7AAI,Business Organization,,,,,Internal,,
0012e0000037tU8AAI,Business Organization,,,,,Internal,,
0012e0000037tU9AAI,Business Organization,,,,,Internal,,
0012e0000037tUAAAY,Business Organization,,,,,Internal,,
0012e0000037tUBAAY,Business Organization,,,,,Internal,,
0012e0000037tUCAAY,Business Organization,,,,,Internal,,
0012e0000037tUDAAY,Business Organization,,,,,Internal,,
0012e0000037tUEAAY,Business Organization,,,,,Internal,,
0012e0000037tUFAAY,Business Organization,,,,,Internal,,
0012e0000037tUGAAY,Business Organization,,,,,Internal,,
0012e0000037tUHAAY,Business Organization,,,,,Internal,,
0012e0000037tUIAAY,Business Organization,,,,,Internal,,
0012e0000037tUJAAY,Business Organization,,,,,Internal,,
0012e0000037tUKAAY,Business Organization,,,,,Internal,,
0012e0000037tULAAY,Business Organization,,,,,Internal,,
0012e0000037tUMAAY,Business Organization,,,,,Internal,,
0012e0000037tUNAAY,Business Organization,,,,,Internal,,
0012e0000037tUOAAY,Business Organization,,,,,Internal,,
0012e0000037tafAAA,Business Organization,,,,,Internal,,
0012e0000037tahAAA,Business Organization,,,,,Internal,,
0012e0000037tanAAA,Business Organization,,,,,Internal,,
0012e0000037taoAAA,Business Organization,,,,,Internal,,
0012e0000037tasAAA,Business Organization,,,,,Internal,,
0012e0000037tatAAA,Business Organization,,,,,Internal,,
0012e0000037taxAAA,Business Organization,,,,,Internal,,
0012e0000037tayAAA,Business Organization,,,,,Internal,,
0012e0000037tazAAA,Business Organization,,,,,Internal,,
0012e0000037tb0AAA,Business Organization,,,,,Internal,,
0012e0000037tb1AAA,Business Organization,,,,,Internal,,
0012e0000037tb2AAA,Business Organization,,,,,Internal,,
0012e0000037tb3AAA,Business Organization,,,,,Internal,,
0012e0000037tb4AAA,Business Organization,,,,,Internal,,
0012e0000037tb5AAA,Business Organization,,,,,Internal,,
0012e0000037tb7AAA,Business Organization,,,,,Internal,,
0012e0000037tb9AAA,Business Organization,,,,,Internal,,
0012e0000037tbBAAQ,Business Organization,,,,,Internal,,
0012e0000037tbDAAQ,Business Organization,,,,,Internal,,
0012e0000037tbEAAQ,Business Organization,,,,,Internal,,
0012e0000037tbLAAQ,Business Organization,,,,,Internal,,
0012e0000037tbMAAQ,Business Organization,,,,,Internal,,
0012e0000037tbOAAQ,Business Organization,,,,,Internal,,
0012e0000037tbSAAQ,Business Organization,,,,,Internal,,
0012e0000037tbTAAQ,Business Organization,,,,,Internal,,
0012e0000037tbUAAQ,Business Organization,,,,,Internal,,
0012e0000037tbaAAA,Business Organization,,,,,Internal,,
0012e0000037tbpAAA,Business Organization,,,,,Internal,,
0012e0000037tbqAAA,Business Organization,,,,,Internal,,
0012e0000037tbrAAA,Business Organization,,,,,Internal,,
0012e0000037tbwAAA,Business Organization,,,,,Internal,,
0012e0000037tbzAAA,Business Organization,,,,,Internal,,
0012e0000037tc0AAA,Business Organization,,,,,Internal,,
0012e0000037tc2AAA,Business Organization,,,,,Internal,,
0012e0000037tc4AAA,Business Organization,,,,,Internal,,
0012e0000037tc8AAA,Business Organization,,,,,Internal,,
0012e0000037tcCAAQ,Business Organization,,,,,Internal,,
0012e0000037tcEAAQ,Business Organization,,,,,Internal,,
0012e0000037tcHAAQ,Business Organization,,,,,Internal,,
0012e0000037tcKAAQ,Business Organization,,,,,Internal,,
0012e0000037tcLAAQ,Business Organization,,,,,Internal,,
0012e0000037tcRAAQ,Business Organization,,,,,Internal,,
0012e0000037tcTAAQ,Business Organization,,,,,Internal,,
0012e0000037tcZAAQ,Business Organization,,,,,Internal,,
0012e0000037tccAAA,Business Organization,,,,,Internal,,
0012e0000037tcfAAA,Business Organization,,,,,Internal,,
0012e0000037tchAAA,Business Organization,,,,,Internal,,
0012e0000037tcjAAA,Business Organization,,,,,Internal,,
0012e0000037tckAAA,Business Organization,,,,,Internal,,
0012e0000037tclAAA,Business Organization,,,,,Internal,,
0012e000003TYMRAA4,University Department,,,,,Internal,0012e000002Zt08AAC,3
0012e000003hllpAAA,University Department,,,,,Internal,0012e000003TYMRAA4,4
0012e000003khc4AAA,University Department,,,,,Internal,0012e000003hllpAAA,5
0012e000003khc5AAA,University Department,,,,,Internal,0012e000003hllpAAA,5
0012e000003khc6AAA,University Department,,,,,Internal,0012e000003hllpAAA,5
0012e000003khc7AAA,University Department,,,,,Internal,0012e000003hllpAAA,5
0012e000003khc8AAA,University Department,,,,,Internal,0012e000003hllpAAA,5
0012e000003jZXsAAM,University Department,,,,,Internal,0012e000002ZGfbAAG,5
0012e000003n4pnAAA,University Department,,,,,Internal,0012e000003hllpAAA,5
0012e000004OD5MAAW,University Department,,,,,Internal,,